<?xml version="1.0" encoding="utf-8"?>
<ApplicationInstallerManifest>
   <DefaultInstallationDirectory>/Applications/ColTapp/</DefaultInstallationDirectory>
   <ApplicationName>ColTapp</ApplicationName>
   <ExecutableName>application/ColTapp.exe</ExecutableName>
   <GUID>12d33877-6dee-4ec8-b333-a08c4339763b</GUID>
   <ApplicationIcon>icon_48.png</ApplicationIcon>
   <Logo>logo2273333493121158407.tmp</Logo>
   <Version>1.0</Version>
   <InstallationNotes>In the following directions, replace MR/v98 by the directory on the target machine where MATLAB is installed, or MR by the directory where the MATLAB Runtime is installed.

If the environment variable DYLD_LIBRARY_PATH is undefined, set it to the following string:

MR/v98/runtime/maci64:MR/v98/sys/os/maci64:MR/v98/bin/maci64

If it is defined, set it to the following:

${DYLD_LIBRARY_PATH}:MR/v98/runtime/maci64:MR/v98/sys/os/maci64:MR/v98/bin/maci64
</InstallationNotes>
   <Summary>ColTapp is an automated image analysis application for efficient microbial colony growth dynamics quantification</Summary>
   <WelcomePanelText>ColTapp 1.0
ColTapp is an automated image analysis application for efficient microbial colony growth dynamics quantification

ColTapp is an image analysis application including all steps necessary to derive various measures of microbial colonies growing on agar plates. ColTapp can automatically detect colonies and returns their size and position as well as color, shape and spatial metrics of each colony. Additionally, time-lapse image series of the same plate can be analyzed to track colony radius over time to derive colony linear radial growth rate and appearance time. Every measurement can be exported as .csv files for subsequent analysis.

J. Bär, M. Boumasmoud, C. Vulin
julian.baer@usz.ch mathilde.boumasmoud@usz.ch clement.vulin@usz.ch</WelcomePanelText>
   <MCRProducts>
      <MCRProduct>
         <ExternalProductIdentifier>35000</ExternalProductIdentifier>
      </MCRProduct>
      <MCRProduct>
         <ExternalProductIdentifier>35010</ExternalProductIdentifier>
      </MCRProduct>
      <MCRProduct>
         <ExternalProductIdentifier>35106</ExternalProductIdentifier>
      </MCRProduct>
      <MCRProduct>
         <ExternalProductIdentifier>35111</ExternalProductIdentifier>
      </MCRProduct>
      <MCRProduct>
         <ExternalProductIdentifier>35112</ExternalProductIdentifier>
      </MCRProduct>
      <MCRProduct>
         <ExternalProductIdentifier>35117</ExternalProductIdentifier>
      </MCRProduct>
      <MCRProduct>
         <ExternalProductIdentifier>35119</ExternalProductIdentifier>
      </MCRProduct>
      <MCRProduct>
         <ExternalProductIdentifier>35178</ExternalProductIdentifier>
      </MCRProduct>
   </MCRProducts>
</ApplicationInstallerManifest>